policy_name,control_id,control_statement,implementation_task,owner,status,evidence_link,source_doc_title,source_page,source_controls_file
Data handling and privacy policy,QCB-Data-Handling-P4-I8,Sensitive Financial Information must be classified as per a Financial Institution’s highest classification tier.,Define approach and implement control (tech + ops).,TBD,Not started,TBD,Data Handling and Protection Regulation.pdf,4,data_handling_and_protection_regulation_controls.json
Data handling and privacy policy,QCB-Data-Handling-P4-I14,"Introduction As data is a cornerstone of financial operations, the secure handling and protection of sensitive information is a critical activity financial institutions must undertake.",Define approach and implement control (tech + ops).,TBD,Not started,TBD,Data Handling and Protection Regulation.pdf,4,data_handling_and_protection_regulation_controls.json
Data handling and privacy policy,QCB-Data-Handling-P5-I1,"Organizational Governance 4.1 All data collected, stored, or processed by a Financial Institution or through a Third Party on behalf of a Financial Institution must be handled in accordance with QCB Law, this regulation, the Qatar Data Privacy Protection Law and any other relevant laws and regulations.",Define approach and implement control (tech + ops).,TBD,Not started,TBD,Data Handling and Protection Regulation.pdf,5,data_handling_and_protection_regulation_controls.json
Data handling and privacy policy,QCB-Data-Handling-P5-I2,"4.2 A Financial Institution must establish a dedicated data governance business unit, or assign it to an existing function.",Define approach and implement control (tech + ops).,TBD,Not started,TBD,Data Handling and Protection Regulation.pdf,5,data_handling_and_protection_regulation_controls.json
Data handling and privacy policy,QCB-Data-Handling-P5-I8,"4.3 A Financial Institution may establish a data governance committee with representation from senior management, risk, information technology, information security, legal and compliance as well as other relevant functions.",Define approach and implement control (tech + ops).,TBD,Not started,TBD,Data Handling and Protection Regulation.pdf,5,data_handling_and_protection_regulation_controls.json
Data handling and privacy policy,QCB-Data-Handling-P5-I9,Such a committee may engage in tasks including: 4.3.1 Reviewing data privacy and protection risks.,Define approach and implement control (tech + ops).,TBD,Not started,TBD,Data Handling and Protection Regulation.pdf,5,data_handling_and_protection_regulation_controls.json
Data handling and privacy policy,QCB-Data-Handling-P5-I12,"4.4 A Financial Institution must appoint a Data Privacy Officer (DPO) who possesses the necessary knowledge and experience in data privacy, notifying QCB of the appointed DPO and submit the required Fit and Proper Form as per QCB Licensing Regulations.",Define approach and implement control (tech + ops).,TBD,Not started,TBD,Data Handling and Protection Regulation.pdf,5,data_handling_and_protection_regulation_controls.json
Data handling and privacy policy,QCB-Data-Handling-P5-I13,"1 A Financial Institution may appoint a DPO to an existing role, ensuring that it is independent of conflicts of interests and operate independently without being directed in the performance of their tasks.",Define approach and implement control (tech + ops).,TBD,Not started,TBD,Data Handling and Protection Regulation.pdf,5,data_handling_and_protection_regulation_controls.json
Data handling and privacy policy,QCB-Data-Handling-P5-I14,2 A Financial Institution must ensure that the DPO is not involved within Financial Institution operations.,Define approach and implement control (tech + ops).,TBD,Not started,TBD,Data Handling and Protection Regulation.pdf,5,data_handling_and_protection_regulation_controls.json
Data handling and privacy policy,QCB-Data-Handling-P5-I15,"3 A Foreign Financial Institution may appoint a DPO based within their headquarters, ensuring that a Qatar-based representative is assigned responsibility to liaise and facilitate in order to ensure data privacy and protection requirements are met consistently.",Define approach and implement control (tech + ops).,TBD,Not started,TBD,Data Handling and Protection Regulation.pdf,5,data_handling_and_protection_regulation_controls.json
Data handling and privacy policy,QCB-Data-Handling-P5-I16,4.5 A Financial Institution must ensure its DPO’s roles and responsibilities include: 4.5.1 Assessing the Financial Institution’s compliance to data privacy and protection requirements as per relevant laws and regulations.,Define approach and implement control (tech + ops).,TBD,Not started,TBD,Data Handling and Protection Regulation.pdf,5,data_handling_and_protection_regulation_controls.json
Data handling and privacy policy,QCB-Data-Handling-P6-I2,"4.6 A Financial Institution must ensure its DPO reports directly to the CEO or the most senior management position, who must ensure data privacy and protection risks are communicated to the board.",Define approach and implement control (tech + ops).,TBD,Not started,TBD,Data Handling and Protection Regulation.pdf,6,data_handling_and_protection_regulation_controls.json
Data handling and privacy policy,QCB-Data-Handling-P6-I3,"4.7 A Financial Institution must provide the required training and awareness to promote skill development for its employees and relevant stakeholders to ensure that they regularly update their knowledge of data privacy and management, data classification, data handling, data cataloguing, data stewardship, data backup up, disaster recovery, etc.",Define approach and implement control (tech + ops).,TBD,Not started,TBD,Data Handling and Protection Regulation.pdf,6,data_handling_and_protection_regulation_controls.json
Data handling and privacy policy,QCB-Data-Handling-P6-I5,"Framework, policies and procedures 5.1 A Financial Institution must establish an internal data governance policy that applies to all their business processes and operational procedures to ensure proper handling in the collection, class ification, security, integrity, storage, retention, access, use, transfer and destruction of data throughout its lifecycle.",Define approach and implement control (tech + ops).,TBD,Not started,TBD,Data Handling and Protection Regulation.pdf,6,data_handling_and_protection_regulation_controls.json
Data handling and privacy policy,QCB-Data-Handling-P6-I6,5.2 A Financial Institution must ensure that its data governance policy includes: 5.2.1 Identification of all relevant laws and regulations the Financial Institution must adhere to.,Define approach and implement control (tech + ops).,TBD,Not started,TBD,Data Handling and Protection Regulation.pdf,6,data_handling_and_protection_regulation_controls.json
Data handling and privacy policy,QCB-Data-Handling-P6-I19,"5.3 A Financial Institution must assess requirements of leading data governance standards, while ensuring they maintain compliance with the requirements of this regulation.",Define approach and implement control (tech + ops).,TBD,Not started,TBD,Data Handling and Protection Regulation.pdf,6,data_handling_and_protection_regulation_controls.json
Data handling and privacy policy,QCB-Data-Handling-P6-I20,"5.4 A Financial Institution must publish its External Privacy Policy statement on externally hosted channels, to the extent necessary, informing customers of their rights and how their data will be collected, accessed, processed, shared and retained.",Define approach and implement control (tech + ops).,TBD,Not started,TBD,Data Handling and Protection Regulation.pdf,6,data_handling_and_protection_regulation_controls.json
Data handling and privacy policy,QCB-Data-Handling-P6-I21,"5.5 A Financial Institution must publish its Internal Privacy Policy in an easily-accessible and context-specific manner, to the extent necessary for all staff involved.",Define approach and implement control (tech + ops).,TBD,Not started,TBD,Data Handling and Protection Regulation.pdf,6,data_handling_and_protection_regulation_controls.json
Data handling and privacy policy,QCB-Data-Handling-P7-I0,Data Handling and Protection Regulation 7 5.6 A Financial Institution must develop data mapping procedures to define data assets and their paths through the entities’ processes.,Define approach and implement control (tech + ops).,TBD,Not started,TBD,Data Handling and Protection Regulation.pdf,7,data_handling_and_protection_regulation_controls.json
Data handling and privacy policy,QCB-Data-Handling-P7-I1,5.7 A Financial Institution must establish consent procedures for customer data processing that aligns with processes and technologies utilized within the Financial Institution.,Define approach and implement control (tech + ops).,TBD,Not started,TBD,Data Handling and Protection Regulation.pdf,7,data_handling_and_protection_regulation_controls.json
Data handling and privacy policy,QCB-Data-Handling-P7-I2,5.8 A Financial Institution must define specific destruction guidelines for data and hardware that has reached the end of its retention period.,Define approach and implement control (tech + ops).,TBD,Not started,TBD,Data Handling and Protection Regulation.pdf,7,data_handling_and_protection_regulation_controls.json
Data handling and privacy policy,QCB-Data-Handling-P7-I3,"5.9 A Financial Institution must align its business continuity plans, disaster recovery plans and backup strategy with the requirements of this regulation and their data governance frameworks, policies, and procedu res.",Define approach and implement control (tech + ops).,TBD,Not started,TBD,Data Handling and Protection Regulation.pdf,7,data_handling_and_protection_regulation_controls.json
Data handling and privacy policy,QCB-Data-Handling-P7-I4,5.10 A Financial Institution must ensure it identifies risks associated with data privacy and the mitigating controls.,Define approach and implement control (tech + ops).,TBD,Not started,TBD,Data Handling and Protection Regulation.pdf,7,data_handling_and_protection_regulation_controls.json
Data handling and privacy policy,QCB-Data-Handling-P7-I5,"5.11 A Financial Institution must maintain a detailed inventory of all assets within its processing environment, including Third Party assets, mapped to its critical processes and services.",Define approach and implement control (tech + ops).,TBD,Not started,TBD,Data Handling and Protection Regulation.pdf,7,data_handling_and_protection_regulation_controls.json
Data handling and privacy policy,QCB-Data-Handling-P7-I7,"Data Classification Framework 6.1 A Financial Institution must develop and maintain a data classification policy based on industry leading practices, which includes Financial Institution-wide responsibilities for classifying data.",Define approach and implement control (tech + ops).,TBD,Not started,TBD,Data Handling and Protection Regulation.pdf,7,data_handling_and_protection_regulation_controls.json
Data handling and privacy policy,QCB-Data-Handling-P7-I8,6.2 A Financial Institution must develop and maintain a data handling guideline that details how to handle data of different classifications.,Define approach and implement control (tech + ops).,TBD,Not started,TBD,Data Handling and Protection Regulation.pdf,7,data_handling_and_protection_regulation_controls.json
Data handling and privacy policy,QCB-Data-Handling-P7-I9,A Financial Institution may utilize the National Cyber Security Agency’s National Data Classification Policy.,Define approach and implement control (tech + ops).,TBD,Not started,TBD,Data Handling and Protection Regulation.pdf,7,data_handling_and_protection_regulation_controls.json
Data handling and privacy policy,QCB-Data-Handling-P7-I10,"6.3 A Financial Institution must define the following for each classification level: classification definition, data examples, storage requirements, labelling requirements, cybersecurity controls, physical access controls, logical access controls, data masking requirements, transmission requirements and destruction mechanism.",Define approach and implement control (tech + ops).,TBD,Not started,TBD,Data Handling and Protection Regulation.pdf,7,data_handling_and_protection_regulation_controls.json
Data handling and privacy policy,QCB-Data-Handling-P7-I12,"1 A Financial Institution must conduct annual reviews of their ROPA, or conduct reviews that are triggered by changes to the Financial Institution.",Define approach and implement control (tech + ops).,TBD,Not started,TBD,Data Handling and Protection Regulation.pdf,7,data_handling_and_protection_regulation_controls.json
Data handling and privacy policy,QCB-Data-Handling-P7-I13,"These changes may include but are not limited to: organizational restructure, new regulatory requirements, changes to the da ta processing environment, etc.",Define approach and implement control (tech + ops).,TBD,Not started,TBD,Data Handling and Protection Regulation.pdf,7,data_handling_and_protection_regulation_controls.json
Data handling and privacy policy,QCB-Data-Handling-P7-I14,2 A Financial Institution may implement tools that automate updates to their ROPA.,Define approach and implement control (tech + ops).,TBD,Not started,TBD,Data Handling and Protection Regulation.pdf,7,data_handling_and_protection_regulation_controls.json
Data handling and privacy policy,QCB-Data-Handling-P7-I15,3 A Financial Institution must document and justify any data excluded from the ROPA and detail the associated risks.,Define approach and implement control (tech + ops).,TBD,Not started,TBD,Data Handling and Protection Regulation.pdf,7,data_handling_and_protection_regulation_controls.json
Data handling and privacy policy,QCB-Data-Handling-P7-I16,6.5 A Financial Institution must conduct Data Mapping to outline all data assets and their flow across organizational processes.,Define approach and implement control (tech + ops).,TBD,Not started,TBD,Data Handling and Protection Regulation.pdf,7,data_handling_and_protection_regulation_controls.json
Data handling and privacy policy,QCB-Data-Handling-P8-I0,"Data Handling and Protection Regulation 8 6.5.1 A Financial Institution must review data maps annually, to ensure current and accurate representation of data flows, or conduct reviews that are triggered by c hanges to the Financial Institution.",Define approach and implement control (tech + ops).,TBD,Not started,TBD,Data Handling and Protection Regulation.pdf,8,data_handling_and_protection_regulation_controls.json
Data handling and privacy policy,QCB-Data-Handling-P8-I1,"These changes may include but are not limited to: organizational restructure, new regulatory requirements, changes to the data processing environment, etc.",Define approach and implement control (tech + ops).,TBD,Not started,TBD,Data Handling and Protection Regulation.pdf,8,data_handling_and_protection_regulation_controls.json
Data handling and privacy policy,QCB-Data-Handling-P8-I2,2 A Financial Institution must complete Data Mapping exercises for their environments.,Define approach and implement control (tech + ops).,TBD,Not started,TBD,Data Handling and Protection Regulation.pdf,8,data_handling_and_protection_regulation_controls.json
Data handling and privacy policy,QCB-Data-Handling-P8-I3,3 A Financial Institution must document and justify any data or processes excluded from the data map and detail the associated risks.,Define approach and implement control (tech + ops).,TBD,Not started,TBD,Data Handling and Protection Regulation.pdf,8,data_handling_and_protection_regulation_controls.json
Data handling and privacy policy,QCB-Data-Handling-P8-I5,"Data Handling 7.1 A Financial Institution must identify data that is Personally Identifiable Information (PII), Sensitive Personal Information (SPI), Sensitive Financial Information (SFI) and Technical Information, as defined in this regulation.",Define approach and implement control (tech + ops).,TBD,Not started,TBD,Data Handling and Protection Regulation.pdf,8,data_handling_and_protection_regulation_controls.json
Data handling and privacy policy,QCB-Data-Handling-P8-I6,"7.2 A Financial Institution must classify data that is PII and Technical Data, as per the Financial Institution’s data classification framework.",Define approach and implement control (tech + ops).,TBD,Not started,TBD,Data Handling and Protection Regulation.pdf,8,data_handling_and_protection_regulation_controls.json
Data handling and privacy policy,QCB-Data-Handling-P8-I7,"7.3 A Financial Institution must classify and manage SPI and SFI as per the highest, most strict classification available.",Define approach and implement control (tech + ops).,TBD,Not started,TBD,Data Handling and Protection Regulation.pdf,8,data_handling_and_protection_regulation_controls.json
Data handling and privacy policy,QCB-Data-Handling-P8-I8,"7.4 A Financial Institution must process PII, SPI and SFI only when one of the following conditions (at least) is met: 7.4.1 The Financial Institution has received explicit consent from the Data Subject.",Define approach and implement control (tech + ops).,TBD,Not started,TBD,Data Handling and Protection Regulation.pdf,8,data_handling_and_protection_regulation_controls.json
Data handling and privacy policy,QCB-Data-Handling-P8-I11,"7.5 A Financial Institution must put in place a process to remediate previously collected PII, SPI and SFI that does not adhere to requirement 7.4.",Define approach and implement control (tech + ops).,TBD,Not started,TBD,Data Handling and Protection Regulation.pdf,8,data_handling_and_protection_regulation_controls.json
Data handling and privacy policy,QCB-Data-Handling-P8-I12,"7.6 A Financial Institution must ensure its primary environment, the main data storage and processing environment, for PII, SPI and SFI resides within the State of Qatar.",Define approach and implement control (tech + ops).,TBD,Not started,TBD,Data Handling and Protection Regulation.pdf,8,data_handling_and_protection_regulation_controls.json
Data handling and privacy policy,QCB-Data-Handling-P8-I13,"7.7 A Financial Institution may utilize a primary storage and processing environment for PII, SPI and SFI outside the State of Qatar only after receiving explicit approval from QCB.",Define approach and implement control (tech + ops).,TBD,Not started,TBD,Data Handling and Protection Regulation.pdf,8,data_handling_and_protection_regulation_controls.json
Data handling and privacy policy,QCB-Data-Handling-P8-I14,"7.8 A Financial Institution must adhere to Bank Secrecy requirements, especially when processing SFI as per QCB Law and any other relevant laws and regulations.",Define approach and implement control (tech + ops).,TBD,Not started,TBD,Data Handling and Protection Regulation.pdf,8,data_handling_and_protection_regulation_controls.json
Data handling and privacy policy,QCB-Data-Handling-P8-I15,"7.9 A Financial Institution must limit its data collection activities to data it requires to provide services to the customer, or to adhere to legal and regulatory requirements.",Define approach and implement control (tech + ops).,TBD,Not started,TBD,Data Handling and Protection Regulation.pdf,8,data_handling_and_protection_regulation_controls.json
Data handling and privacy policy,QCB-Data-Handling-P8-I17,Data Security 8.1 A Financial Institution must develop robust data quality controls and validation processes to ensure the accuracy and reliability of processed data.,Define approach and implement control (tech + ops).,TBD,Not started,TBD,Data Handling and Protection Regulation.pdf,8,data_handling_and_protection_regulation_controls.json
Data handling and privacy policy,QCB-Data-Handling-P9-I0,"Data Handling and Protection Regulation 9 8.2 A Financial Institution must develop dedicated security controls for all data that is classified as PII, SPI or SFI, while applying requirements as per the Sector-Specific Security Regulation to protect it based on criticality and assumed risks.",Define approach and implement control (tech + ops).,TBD,Not started,TBD,Data Handling and Protection Regulation.pdf,9,data_handling_and_protection_regulation_controls.json
Data handling and privacy policy,QCB-Data-Handling-P9-I1,"8.3 A Financial Institution must update its security controls for all data tha t is classified as PII, SPI or SFI, while accounting for the changing threat landscape.",Define approach and implement control (tech + ops).,TBD,Not started,TBD,Data Handling and Protection Regulation.pdf,9,data_handling_and_protection_regulation_controls.json
Data handling and privacy policy,QCB-Data-Handling-P9-I2,"8.4 A Financial Institution may utilize tools and technologies to operationalize its data classification and management requirements, while ensuring regular testing and pat ching of the systems and that they are kept up to date.",Define approach and implement control (tech + ops).,TBD,Not started,TBD,Data Handling and Protection Regulation.pdf,9,data_handling_and_protection_regulation_controls.json
Data handling and privacy policy,QCB-Data-Handling-P9-I4,8.5 A Financial Institution must review its data classification on regular basis t o mitigate risks of misclassification.,Define approach and implement control (tech + ops).,TBD,Not started,TBD,Data Handling and Protection Regulation.pdf,9,data_handling_and_protection_regulation_controls.json
Data handling and privacy policy,QCB-Data-Handling-P9-I5,"8.6 A Financial Institution must transfer its data through secure and encrypted mediums, as per leading industry standards and the Sector-Specific Security Regulation.",Define approach and implement control (tech + ops).,TBD,Not started,TBD,Data Handling and Protection Regulation.pdf,9,data_handling_and_protection_regulation_controls.json
Data handling and privacy policy,QCB-Data-Handling-P9-I6,"8.7 A Financial Institution must use specialized, reputable and secure physical transportation methods, when transporting data on a physical medium such a documents or storage tapes.",Define approach and implement control (tech + ops).,TBD,Not started,TBD,Data Handling and Protection Regulation.pdf,9,data_handling_and_protection_regulation_controls.json
Data handling and privacy policy,QCB-Data-Handling-P9-I9,"9.2 A Financial Institution must assess its Third Party’s compliance to relevant data protection laws and regulations, as well as any certifications or audit reports.",Define approach and implement control (tech + ops).,TBD,Not started,TBD,Data Handling and Protection Regulation.pdf,9,data_handling_and_protection_regulation_controls.json
Data handling and privacy policy,QCB-Data-Handling-P9-I10,"9.3 A Financial Institution may only share sensitive information with Third Parties they have non-disclosure and confidentiality requirements in place with, dependent on the associated risks.",Define approach and implement control (tech + ops).,TBD,Not started,TBD,Data Handling and Protection Regulation.pdf,9,data_handling_and_protection_regulation_controls.json
Data handling and privacy policy,QCB-Data-Handling-P9-I11,9.4 A Financial Institution must ensure that any data breaches or data privacy breaches involving its data are promptly reported by the Third Party involved to a designated representative within the Financial Institution.,Define approach and implement control (tech + ops).,TBD,Not started,TBD,Data Handling and Protection Regulation.pdf,9,data_handling_and_protection_regulation_controls.json
Data handling and privacy policy,QCB-Data-Handling-P9-I12,"9.5 A Financial Institution must include provisions for data protection, confidentiality, and co mpliance with regulatory requirements within its contractual agreements with Third Parties.",Define approach and implement control (tech + ops).,TBD,Not started,TBD,Data Handling and Protection Regulation.pdf,9,data_handling_and_protection_regulation_controls.json
Data handling and privacy policy,QCB-Data-Handling-P9-I13,"9.6 A Financial Institution must collect consent from customers and employees prior to sharing their information with a Third Party, unless this is shared for legal purposes, regulatory purposes, or contract fulfilment.",Define approach and implement control (tech + ops).,TBD,Not started,TBD,Data Handling and Protection Regulation.pdf,9,data_handling_and_protection_regulation_controls.json
Data handling and privacy policy,QCB-Data-Handling-P9-I14,9.7 A Financial Institution must inform the customer of the impact of not granting consent to information sharing with the Third Party.,Define approach and implement control (tech + ops).,TBD,Not started,TBD,Data Handling and Protection Regulation.pdf,9,data_handling_and_protection_regulation_controls.json
Data handling and privacy policy,QCB-Data-Handling-P9-I15,9.8 A Financial Institution must ensure its Third Parties handle data in a manner that meets the requirements of this regulation.,Define approach and implement control (tech + ops).,TBD,Not started,TBD,Data Handling and Protection Regulation.pdf,9,data_handling_and_protection_regulation_controls.json
Data handling and privacy policy,QCB-Data-Handling-P9-I16,9.9 A Financial Institution must implement risk-based data protection controls for data residing in all environments and data hosted by its Third Parties.,Define approach and implement control (tech + ops).,TBD,Not started,TBD,Data Handling and Protection Regulation.pdf,9,data_handling_and_protection_regulation_controls.json
Data handling and privacy policy,QCB-Data-Handling-P10-I1,Assessments and Reporting 10.1 A Financial Institution must document a policy mandating ongoing data handling and management assessments including those defined within this section.,Define approach and implement control (tech + ops).,TBD,Not started,TBD,Data Handling and Protection Regulation.pdf,10,data_handling_and_protection_regulation_controls.json
Data handling and privacy policy,QCB-Data-Handling-P10-I2,"10.2 A Financial Institution must subject its primary, secondary, Disaster Recovery (DR) and backup environments to the assessments defined within this section.",Define approach and implement control (tech + ops).,TBD,Not started,TBD,Data Handling and Protection Regulation.pdf,10,data_handling_and_protection_regulation_controls.json
Data handling and privacy policy,QCB-Data-Handling-P10-I3,"10.3 A Financial Institution must define a process for conducting Privacy Impact Assessments (PIA) for all sensitive processes, in order to test whether privacy objectives are met and to ensure that data processin g adheres to processing requirements, retention requirements and appropriate access controls.",Define approach and implement control (tech + ops).,TBD,Not started,TBD,Data Handling and Protection Regulation.pdf,10,data_handling_and_protection_regulation_controls.json
Data handling and privacy policy,QCB-Data-Handling-P10-I4,The process must include: 10.3.1 Defining what a sensitive process is and when a PIA is required.,Define approach and implement control (tech + ops).,TBD,Not started,TBD,Data Handling and Protection Regulation.pdf,10,data_handling_and_protection_regulation_controls.json
Data handling and privacy policy,QCB-Data-Handling-P10-I10,10.4 A Financial Institution must conduct a PIA in the following cases: 10.4.1 Initiating a new activity that involves a sensitive process.,Define approach and implement control (tech + ops).,TBD,Not started,TBD,Data Handling and Protection Regulation.pdf,10,data_handling_and_protection_regulation_controls.json
Data handling and privacy policy,QCB-Data-Handling-P10-I12,3 Observing significant changes to laws and regulations of relevant jurisdictions that may impact Data Subject privacy.,Define approach and implement control (tech + ops).,TBD,Not started,TBD,Data Handling and Protection Regulation.pdf,10,data_handling_and_protection_regulation_controls.json
Data handling and privacy policy,QCB-Data-Handling-P10-I13,10.5 A Financial Institution must review its PIA methodologies for accuracy and relevance and update as needed.,Define approach and implement control (tech + ops).,TBD,Not started,TBD,Data Handling and Protection Regulation.pdf,10,data_handling_and_protection_regulation_controls.json
Data handling and privacy policy,QCB-Data-Handling-P10-I14,"10.6 A Financial Institution must establish a foreign data handling assessment that ensures data stored in, passing through or accessible from foreign jurisdictions continues to meet regulatory requirements and data protection standards.",Define approach and implement control (tech + ops).,TBD,Not started,TBD,Data Handling and Protection Regulation.pdf,10,data_handling_and_protection_regulation_controls.json
Data handling and privacy policy,QCB-Data-Handling-P10-I15,"10.7 A Financial Institution must monitor changes in the legal and regulatory landscape of foreign jurisdictions to promptly assess and address any potential impact, on ongoing basis, reporting significant findings to QCB.",Define approach and implement control (tech + ops).,TBD,Not started,TBD,Data Handling and Protection Regulation.pdf,10,data_handling_and_protection_regulation_controls.json
Data handling and privacy policy,QCB-Data-Handling-P10-I16,10.8 A Financial Institution must develop a procedure that defines the mechanisms by which these assessments will be completed.,Define approach and implement control (tech + ops).,TBD,Not started,TBD,Data Handling and Protection Regulation.pdf,10,data_handling_and_protection_regulation_controls.json
Data handling and privacy policy,QCB-Data-Handling-P10-I17,"This must include the following: 10.8.1 Assessment owner 10.8.2 Assessment stakeholders 10.8.3 Timeline and Frequency 10.8.4 Expected outcomes and recommendations 10.9 A Financial Institution must audit its data handling and management activities, and assess its compliance to data protection laws, regulations and leading industry standards as per the Financial Institution’s defined audit cycle.",Define approach and implement control (tech + ops).,TBD,Not started,TBD,Data Handling and Protection Regulation.pdf,10,data_handling_and_protection_regulation_controls.json
Data handling and privacy policy,QCB-Data-Handling-P11-I1,"Data Retention 11.1 A Financial Institution must ensure its retention of different categories of data considers legal, regulatory, and business requirements.",Define approach and implement control (tech + ops).,TBD,Not started,TBD,Data Handling and Protection Regulation.pdf,11,data_handling_and_protection_regulation_controls.json
Data handling and privacy policy,QCB-Data-Handling-P11-I2,11.2 A Financial Institution must comply to data retention requirements specified in the relevant AML / CFT laws and regulations.,Define approach and implement control (tech + ops).,TBD,Not started,TBD,Data Handling and Protection Regulation.pdf,11,data_handling_and_protection_regulation_controls.json
Data handling and privacy policy,QCB-Data-Handling-P11-I3,"11.3 A Financial Institution must retain data as per the following table: Data Minimum Retention Period SFI 10 years Personal Data, PII and SPI 10 years Technical Information 1 year All other data To be defined by the Financial Institution 11.4 A Financial Institution must retain data beyond the minimum retention periods defined within 11.3, if the extended data retention is obligated by a legal or regulatory mandate.",Define approach and implement control (tech + ops).,TBD,Not started,TBD,Data Handling and Protection Regulation.pdf,11,data_handling_and_protection_regulation_controls.json
Data handling and privacy policy,QCB-Data-Handling-P11-I5,"Disaster Recovery & Business Continuity Backup 12.1 A Financial Institution must establish a Business Continuity and Disaster Recovery plan, emphasizing resilient data protection and privacy safeguards.",Define approach and implement control (tech + ops).,TBD,Not started,TBD,Data Handling and Protection Regulation.pdf,11,data_handling_and_protection_regulation_controls.json
Data handling and privacy policy,QCB-Data-Handling-P11-I6,The plan must include: 12.1.1 Local and foreign DR and backup requirements 12.1.2 Policy and processes for DR and data backup 12.1.3 Data retention periods 12.1.4 Backup frequency 12.1.5 Data storage and destruction processes 12.1.6 Defined trigger events 12.1.7 Ongoing testing and assessments 12.2 A Financial Institution must integrate its disaster recovery plan process into the Financial Institution’s overall governance processes and risk management framework.,Define approach and implement control (tech + ops).,TBD,Not started,TBD,Data Handling and Protection Regulation.pdf,11,data_handling_and_protection_regulation_controls.json
Data handling and privacy policy,QCB-Data-Handling-P11-I8,"12.3 A Financial Institution must ensure continuous availability of critical systems and processes through redundancy controls and failover processes which include but are not limited to: conducting real -time or scheduled backups of critical data, ensuring that backup frequency aligns with the criticality and volatility of the data.",Define approach and implement control (tech + ops).,TBD,Not started,TBD,Data Handling and Protection Regulation.pdf,11,data_handling_and_protection_regulation_controls.json
Data handling and privacy policy,QCB-Data-Handling-P11-I9,"12.4 A Financial Institution must implement security controls including robust encryption and data security measures for DR and backups, as per the Sector-Specific Security Regulation.",Define approach and implement control (tech + ops).,TBD,Not started,TBD,Data Handling and Protection Regulation.pdf,11,data_handling_and_protection_regulation_controls.json
Data handling and privacy policy,QCB-Data-Handling-P11-I10,"12.5 A Financial Institution must define and implement physical access management controls and processes to protect DR and backup data centers, network equipment rooms, storage sites, servers and workstations, in accordance with the Sector-Specific Security Regulation.",Define approach and implement control (tech + ops).,TBD,Not started,TBD,Data Handling and Protection Regulation.pdf,11,data_handling_and_protection_regulation_controls.json
Data handling and privacy policy,QCB-Data-Handling-P11-I11,12.6 A Financial Institution must regularly test its Business Continuity and Disaster Recovery plans.,Define approach and implement control (tech + ops).,TBD,Not started,TBD,Data Handling and Protection Regulation.pdf,11,data_handling_and_protection_regulation_controls.json
Data handling and privacy policy,QCB-Data-Handling-P12-I0,"Data Handling and Protection Regulation 12 12.7 A Financial Institution must consider any legal, reputational and operational impediments within its disaster recovery plan.",Define approach and implement control (tech + ops).,TBD,Not started,TBD,Data Handling and Protection Regulation.pdf,12,data_handling_and_protection_regulation_controls.json
Data handling and privacy policy,QCB-Data-Handling-P12-I1,"12.8 A Financial Institution must assess jurisdictional, legal, regulatory, political, and environmental risks associated with foreign DR and backup locations.",Define approach and implement control (tech + ops).,TBD,Not started,TBD,Data Handling and Protection Regulation.pdf,12,data_handling_and_protection_regulation_controls.json
Data handling and privacy policy,QCB-Data-Handling-P12-I2,12.9 A Financial Institution must remain responsible and accountable for its disaster recovery readiness activities.,Define approach and implement control (tech + ops).,TBD,Not started,TBD,Data Handling and Protection Regulation.pdf,12,data_handling_and_protection_regulation_controls.json
Data handling and privacy policy,QCB-Data-Handling-P12-I3,"12.10 A Financial Institution must develop a disaster recovery communication plan with relevant stakeholders, including QCB, shareholders, employees, key group entities, Third Parties, customers, regulators and the media.",Define approach and implement control (tech + ops).,TBD,Not started,TBD,Data Handling and Protection Regulation.pdf,12,data_handling_and_protection_regulation_controls.json
Data handling and privacy policy,QCB-Data-Handling-P12-I4,12.11 A Financial Institution must ensure that business continuity is not disrupted by dependencies on outsourcing contracts with Third Party service providers.,Define approach and implement control (tech + ops).,TBD,Not started,TBD,Data Handling and Protection Regulation.pdf,12,data_handling_and_protection_regulation_controls.json
Data handling and privacy policy,QCB-Data-Handling-P12-I5,12.12 A Financial Institution must maintain its backup and DR environments as per the following table: Local Banks & Insurance Companies Branches of Foreign Banks & Insurance Companies Other Local Financial Institutions Branches of Other Foreign Financial Institutions Local DR Mandatory Qatar-Based Systems – Mandatory Other – Recommended Mandatory Qatar-Based Systems – Mandatory Other – Recommended Foreign DR Optional.,Define approach and implement control (tech + ops).,TBD,Not started,TBD,Data Handling and Protection Regulation.pdf,12,data_handling_and_protection_regulation_controls.json
Data handling and privacy policy,QCB-Data-Handling-P12-I6,"However, the QCB reserves the right to direct any Financial Institution to maintain a foreign DR at its discretion Local backup Mandatory Mandatory Mandatory Mandatory Foreign backup Mandatory Mandatory Recommended Recommended 12.13 A Financial Institution must request approval from QCB when it utilizes foreign DR and backup environments, in alignment with section 15 below.",Define approach and implement control (tech + ops).,TBD,Not started,TBD,Data Handling and Protection Regulation.pdf,12,data_handling_and_protection_regulation_controls.json
Data handling and privacy policy,QCB-Data-Handling-P12-I8,"Data Privacy Protection Requirements 13.1 A Financial Institution must ensure that Personal Data, PII and SPI is: 13.1.1 Processed in compliance to the Law No.",Define approach and implement control (tech + ops).,TBD,Not started,TBD,Data Handling and Protection Regulation.pdf,12,data_handling_and_protection_regulation_controls.json
Data handling and privacy policy,QCB-Data-Handling-P12-I12,"13.2 A Financial Institution must ensure that the systems and controls address the following: 13.2.1 Ensure the confidentiality, integrity and availability of data and information.",Define approach and implement control (tech + ops).,TBD,Not started,TBD,Data Handling and Protection Regulation.pdf,12,data_handling_and_protection_regulation_controls.json
Data handling and privacy policy,QCB-Data-Handling-P13-I0,"Data Handling and Protection Regulation 13 13.3 A Financial Institution must deploy systems and controls that enable it to identify, assess, monitor and manage data protection risk.",Define approach and implement control (tech + ops).,TBD,Not started,TBD,Data Handling and Protection Regulation.pdf,13,data_handling_and_protection_regulation_controls.json
Data handling and privacy policy,QCB-Data-Handling-P13-I1,13.4 A Financial Institution must assess privacy protection and data protection controls when processing data in a semi-autonomous or autonomous manner.,Define approach and implement control (tech + ops).,TBD,Not started,TBD,Data Handling and Protection Regulation.pdf,13,data_handling_and_protection_regulation_controls.json
Data handling and privacy policy,QCB-Data-Handling-P13-I2,13.5 A Financial Institution must seek approval from QCB prior to processing data and information within fully autonomous decision-making systems.,Define approach and implement control (tech + ops).,TBD,Not started,TBD,Data Handling and Protection Regulation.pdf,13,data_handling_and_protection_regulation_controls.json
Data handling and privacy policy,QCB-Data-Handling-P13-I4,Customer Data Protection 14.1 A Financial Institution may process Data Subject information only when one of the follow ing conditions (at least) is met: 14.1.1 The Financial Institution has received explicit consent from the Data Subject.,Define approach and implement control (tech + ops).,TBD,Not started,TBD,Data Handling and Protection Regulation.pdf,13,data_handling_and_protection_regulation_controls.json
Data handling and privacy policy,QCB-Data-Handling-P13-I7,"14.2 A Financial Institution must establish proper procedures to obtain consent from its customers to collect, access, process, share, and retain data, unless it is necessary for regulatory activity, legal activity or contract fulfilment.",Define approach and implement control (tech + ops).,TBD,Not started,TBD,Data Handling and Protection Regulation.pdf,13,data_handling_and_protection_regulation_controls.json
Data handling and privacy policy,QCB-Data-Handling-P13-I11,"14.3 A Financial Institution must periodically review its consent procedures to ensure that consent is freely given, specific, informed and unambiguous.",Define approach and implement control (tech + ops).,TBD,Not started,TBD,Data Handling and Protection Regulation.pdf,13,data_handling_and_protection_regulation_controls.json
Data handling and privacy policy,QCB-Data-Handling-P13-I12,14.4 A Financial Institution must establish the necessary procedures to ensure that customers: 14.4.1 Obtain confirmation of whether their personal data is being processed.,Define approach and implement control (tech + ops).,TBD,Not started,TBD,Data Handling and Protection Regulation.pdf,13,data_handling_and_protection_regulation_controls.json
Data handling and privacy policy,QCB-Data-Handling-P13-I17,The Financial Institution shall establish a policy for data deletion that considers the following conditions: 14.4.5.1 Deletion will not impact the overall business continuity of the Financial Institution.,Define approach and implement control (tech + ops).,TBD,Not started,TBD,Data Handling and Protection Regulation.pdf,13,data_handling_and_protection_regulation_controls.json
Data handling and privacy policy,QCB-Data-Handling-P13-I20,"14.5 A Financial Institution processing information associated with a minor must verify that the person giv ing consent, holds parental responsibility “legitimate interest” for the minor.",Define approach and implement control (tech + ops).,TBD,Not started,TBD,Data Handling and Protection Regulation.pdf,13,data_handling_and_protection_regulation_controls.json
Data handling and privacy policy,QCB-Data-Handling-P13-I21,"14.6 A Financial Institution must define rejection use cases for requests made as per requirement (14.4), whilst maintaining the right to reject the requests.",Define approach and implement control (tech + ops).,TBD,Not started,TBD,Data Handling and Protection Regulation.pdf,13,data_handling_and_protection_regulation_controls.json
Data handling and privacy policy,QCB-Data-Handling-P14-I0,"Data Handling and Protection Regulation 14 14.7 A Financial Institution may define a process for expiring consent and consent renewal, if required by certain activities undertaken by the financial institution.",Define approach and implement control (tech + ops).,TBD,Not started,TBD,Data Handling and Protection Regulation.pdf,14,data_handling_and_protection_regulation_controls.json
Data handling and privacy policy,QCB-Data-Handling-P14-I1,"14.8 A Financial Institution must ensure that the customer has the right to refuse and withdraw consent at any time, except where processing is necessary for legal and regulatory obligations or contract fulfilment.",Define approach and implement control (tech + ops).,TBD,Not started,TBD,Data Handling and Protection Regulation.pdf,14,data_handling_and_protection_regulation_controls.json
Data handling and privacy policy,QCB-Data-Handling-P14-I2,14.9 A Financial Institution may establish a consent management portal for customers to view and update the consent they have granted a Financial Institution.,Define approach and implement control (tech + ops).,TBD,Not started,TBD,Data Handling and Protection Regulation.pdf,14,data_handling_and_protection_regulation_controls.json
Data handling and privacy policy,QCB-Data-Handling-P14-I3,14.10 A Financial Institution must maintain a record of the consent granted including but not limited to the following: 14.10.1 Purpose of Data Processing.,Define approach and implement control (tech + ops).,TBD,Not started,TBD,Data Handling and Protection Regulation.pdf,14,data_handling_and_protection_regulation_controls.json
Data handling and privacy policy,QCB-Data-Handling-P14-I9,14.11 A Financial Institution must inform the customer of the impact of not granting or withdrawing consent on the provision of services to the customer.,Define approach and implement control (tech + ops).,TBD,Not started,TBD,Data Handling and Protection Regulation.pdf,14,data_handling_and_protection_regulation_controls.json
Data handling and privacy policy,QCB-Data-Handling-P14-I11,"Foreign Data Storage and Transfer Requirements 15.1 A Financial Institution must not store or transfer Personal Data, PII, SPI and SFI to a foreign jurisdiction unless it has received approval from QCB.",Define approach and implement control (tech + ops).,TBD,Not started,TBD,Data Handling and Protection Regulation.pdf,14,data_handling_and_protection_regulation_controls.json
Data handling and privacy policy,QCB-Data-Handling-P14-I12,"15.2 A Financial Institution must conduct due diligence on jurisdictions and Third Parties that would require foreign data transfers or storage, which includes but may not be limited to: 15.2.1 A risk assessment which includes risks associated with data security and storing data in foreign jurisdictions.",Define approach and implement control (tech + ops).,TBD,Not started,TBD,Data Handling and Protection Regulation.pdf,14,data_handling_and_protection_regulation_controls.json
Data handling and privacy policy,QCB-Data-Handling-P14-I14,"15.3 A Financial Institution must establish mechanisms to control access to data stored in the foreign jurisdiction, including procedures for granting and revoking access, monitoring user activity, and detecting unauthorized access or data breaches.",Define approach and implement control (tech + ops).,TBD,Not started,TBD,Data Handling and Protection Regulation.pdf,14,data_handling_and_protection_regulation_controls.json
Data handling and privacy policy,QCB-Data-Handling-P14-I15,15.4 A Financial Institution must ensure at all times that any transfer of personal data to a foreign jurisdiction maintains an adequate level of protection in accordance with the standards defined within this regulation and any other relevant laws and regulations.,Define approach and implement control (tech + ops).,TBD,Not started,TBD,Data Handling and Protection Regulation.pdf,14,data_handling_and_protection_regulation_controls.json
Data handling and privacy policy,QCB-Data-Handling-P14-I16,15.5 A Financial Institution must identify risks associated with operational processes and systems at separate geographic locations.,Define approach and implement control (tech + ops).,TBD,Not started,TBD,Data Handling and Protection Regulation.pdf,14,data_handling_and_protection_regulation_controls.json
Data handling and privacy policy,QCB-Data-Handling-P14-I17,15.6 A Financial Institution must assess the legal and regulatory requirements of foreign jurisdictions where they process data that may restrict a Financial Institution’s ability to meet regulatory obligations in Qatar.,Define approach and implement control (tech + ops).,TBD,Not started,TBD,Data Handling and Protection Regulation.pdf,14,data_handling_and_protection_regulation_controls.json
Data handling and privacy policy,QCB-Data-Handling-P15-I1,Data Breaches 16.1 A Financial Institution must report Data Breaches and Data Privacy Breaches as per QCB’s incident reporting guidelines.,Define approach and implement control (tech + ops).,TBD,Not started,TBD,Data Handling and Protection Regulation.pdf,15,data_handling_and_protection_regulation_controls.json
Data handling and privacy policy,QCB-Data-Handling-P15-I2,16.2 A Financial Institution must classify any Data Breach or Data Privacy Beach as an incident and adhere to incident reporting guidelines as directed by the QCB.,Define approach and implement control (tech + ops).,TBD,Not started,TBD,Data Handling and Protection Regulation.pdf,15,data_handling_and_protection_regulation_controls.json
Data handling and privacy policy,QCB-Data-Handling-P15-I3,16.3 A Financial Institution must report Data Breaches and Data Privacy Breaches to QCB and the authorized agencies in Qatar which includes the National Cyber Security Agency and the Ministry of Interior.,Define approach and implement control (tech + ops).,TBD,Not started,TBD,Data Handling and Protection Regulation.pdf,15,data_handling_and_protection_regulation_controls.json
Data handling and privacy policy,QCB-Data-Handling-P15-I4,"16.4 A Financial Institution must assess the impact of the breach, upon identification.",Define approach and implement control (tech + ops).,TBD,Not started,TBD,Data Handling and Protection Regulation.pdf,15,data_handling_and_protection_regulation_controls.json
Data handling and privacy policy,QCB-Data-Handling-P15-I5,16.5 A Financial Institution must assess the need to report a breach to its customers.,Define approach and implement control (tech + ops).,TBD,Not started,TBD,Data Handling and Protection Regulation.pdf,15,data_handling_and_protection_regulation_controls.json
Data handling and privacy policy,QCB-Data-Handling-P15-I6,"16.6 A Financial Institution must trigger action from relevant stakeholders, including employees and customers, to circumvent potential impact of the breach.",Define approach and implement control (tech + ops).,TBD,Not started,TBD,Data Handling and Protection Regulation.pdf,15,data_handling_and_protection_regulation_controls.json
Data handling and privacy policy,QCB-Data-Handling-P15-I8,Exemptions 17.1 A Financial Institution seeking an exemption from any requirement within this regulation must request it from QCB.,Define approach and implement control (tech + ops).,TBD,Not started,TBD,Data Handling and Protection Regulation.pdf,15,data_handling_and_protection_regulation_controls.json
Data handling and privacy policy,QCB-Data-Handling-P15-I10,17.2 A Financial Institution must link its exemption request to a specific requirement in this regulation from which it is seeking a waiver.,Define approach and implement control (tech + ops).,TBD,Not started,TBD,Data Handling and Protection Regulation.pdf,15,data_handling_and_protection_regulation_controls.json
Data handling and privacy policy,QCB-Data-Handling-P15-I11,17.3 A Financial Institution must support its exemption request with a clear and documented business case or rationale.,Define approach and implement control (tech + ops).,TBD,Not started,TBD,Data Handling and Protection Regulation.pdf,15,data_handling_and_protection_regulation_controls.json
Data handling and privacy policy,QCB-Data-Handling-P15-I12,17.4 A Financial Institution must ensure that the appropriate individuals or levels of authority within the Financial Institution consistently approve the exemption.,Define approach and implement control (tech + ops).,TBD,Not started,TBD,Data Handling and Protection Regulation.pdf,15,data_handling_and_protection_regulation_controls.json
Data handling and privacy policy,QCB-Data-Handling-P15-I13,17.5 A Financial Institution must duly record in the Financial Institution’s exemptions register any approved exemptions and assign an expiration date – the date by which the exemption will be mitigated or resolved by the Financial Institution seeking the exemption.,Define approach and implement control (tech + ops).,TBD,Not started,TBD,Data Handling and Protection Regulation.pdf,15,data_handling_and_protection_regulation_controls.json
Data handling and privacy policy,QCB-Data-Handling-P15-I14,17.6 A Financial Institution must remain accountable for any risks stemming from approved exemptions.,Define approach and implement control (tech + ops).,TBD,Not started,TBD,Data Handling and Protection Regulation.pdf,15,data_handling_and_protection_regulation_controls.json
Data handling and privacy policy,QCB-Data-Handling-P15-I16,"Compliance with Secondary Regulations Along with the QCB Law and this regulation, the Financial Institution must also comply with the below mentioned secondary regulations, and their subsequent amendments, while operating in Qatar: 18.1 Sector-Specific Security Regulation.",Define approach and implement control (tech + ops).,TBD,Not started,TBD,Data Handling and Protection Regulation.pdf,15,data_handling_and_protection_regulation_controls.json
Data handling and privacy policy,QCB-Data-Handling-P15-I19,"18.4 Regulations or Guidelines that may be issued by QCB, including those related to emerging technology.",Define approach and implement control (tech + ops).,TBD,Not started,TBD,Data Handling and Protection Regulation.pdf,15,data_handling_and_protection_regulation_controls.json
Data handling and privacy policy,QCB-Data-Handling-P16-I3,The following table lists the requirements that may be considered as recommendations by certain financial institutions.,Define approach and implement control (tech + ops).,TBD,Not started,TBD,Data Handling and Protection Regulation.pdf,16,data_handling_and_protection_regulation_controls.json
Data handling and privacy policy,QCB-Personal-Data-Privacy-P3-I0,"This document is not official and the official version of the law is the one published in the Official Gazette number 15 of year 2016 that is available on almeezan.qa Chapter One Definitions and General Provisions Article (1) For the implementation of the provisions hereof, the following terms and words shall have such meanings assigned to the same, unless otherwise required by context: Ministry: Ministry of Transport and Communications.",Define approach and implement control (tech + ops).,TBD,Not started,TBD,Law No. (13) of 2016  on Protecting Personal Data Privacy - English (1).pdf,3,law_no._(13)_of_2016__on_protecting_personal_data_privacy_-_english_(1)_controls.json
Data handling and privacy policy,QCB-Personal-Data-Privacy-P3-I5,"Controller: a natural or legal person who, whether acting individually or jointly with others, determines how Personal Data may be processed and determines the purpose(s) of any suc h processing Personal Data Processing.",Define approach and implement control (tech + ops).,TBD,Not started,TBD,Law No. (13) of 2016  on Protecting Personal Data Privacy - English (1).pdf,3,law_no._(13)_of_2016__on_protecting_personal_data_privacy_-_english_(1)_controls.json
Data handling and privacy policy,QCB-Personal-Data-Privacy-P5-I4,"Article (2) Provisions hereof shall apply to Personal Data when it is electronically processed, or obtained, gathered or extracted in preparation in any other way for electronic processing, or w hen processed via a combination of electronic and traditional processing.",Define approach and implement control (tech + ops).,TBD,Not started,TBD,Law No. (13) of 2016  on Protecting Personal Data Privacy - English (1).pdf,5,law_no._(13)_of_2016__on_protecting_personal_data_privacy_-_english_(1)_controls.json
Data handling and privacy policy,QCB-Personal-Data-Privacy-P5-I5,"Provisions hereof shall not apply to Personal Data processed by individuals within a private or a family scope, or to any Personal Data processed for the purpose of obtaining official statistical data as per provisions of the referred to law No (2) of 2011.",Define approach and implement control (tech + ops).,TBD,Not started,TBD,Law No. (13) of 2016  on Protecting Personal Data Privacy - English (1).pdf,5,law_no._(13)_of_2016__on_protecting_personal_data_privacy_-_english_(1)_controls.json
Data handling and privacy policy,QCB-Personal-Data-Privacy-P6-I0,"This document is not official and the official version of the law is the one published in the Official Gazette number 15 of year 2016 that is available on almeezan.qa Chapter Two Rights of Individuals Article (3) Each Individual has the right to the protection of the Personal Data thereof that shall be processed only within the framework of transparency, honesty, and respect of human dignity, and acceptable practices according to provisions hereof.",Define approach and implement control (tech + ops).,TBD,Not started,TBD,Law No. (13) of 2016  on Protecting Personal Data Privacy - English (1).pdf,6,law_no._(13)_of_2016__on_protecting_personal_data_privacy_-_english_(1)_controls.json
Data handling and privacy policy,QCB-Personal-Data-Privacy-P6-I1,"Article (4) The Controller shall process Personal Data only after obtaining the consent of the Individual, unless data processing is necessar y to achieve a Lawful Purpose for the Controller or the other recipient of such data.",Define approach and implement control (tech + ops).,TBD,Not started,TBD,Law No. (13) of 2016  on Protecting Personal Data Privacy - English (1).pdf,6,law_no._(13)_of_2016__on_protecting_personal_data_privacy_-_english_(1)_controls.json
Data handling and privacy policy,QCB-Personal-Data-Privacy-P7-I3,A request so made shall be accompanied with proof of the accuracy of such request.,Define approach and implement control (tech + ops).,TBD,Not started,TBD,Law No. (13) of 2016  on Protecting Personal Data Privacy - English (1).pdf,7,law_no._(13)_of_2016__on_protecting_personal_data_privacy_-_english_(1)_controls.json
Data handling and privacy policy,QCB-Personal-Data-Privacy-P7-I9,Obtain a copy of the Personal Data thereof after paying an amount that shall not exceed the service charge.,Define approach and implement control (tech + ops).,TBD,Not started,TBD,Law No. (13) of 2016  on Protecting Personal Data Privacy - English (1).pdf,7,law_no._(13)_of_2016__on_protecting_personal_data_privacy_-_english_(1)_controls.json
Data handling and privacy policy,QCB-Personal-Data-Privacy-P7-I10,"Article (7) The controls and procedures, related to individuals’ exercise of rights provided for in the two preceding Articles , shall be specified by a decision of the Minister.",Define approach and implement control (tech + ops).,TBD,Not started,TBD,Law No. (13) of 2016  on Protecting Personal Data Privacy - English (1).pdf,7,law_no._(13)_of_2016__on_protecting_personal_data_privacy_-_english_(1)_controls.json
Data handling and privacy policy,QCB-Personal-Data-Privacy-P8-I0,This document is not official and the official version of the law is the one published in the Official Gazette number 15 of year 2016 that is available on almeezan.qa Chapter Three Liabilities of Controller and Processor Article (8) The Controller shall abide by the following: 1.,Define approach and implement control (tech + ops).,TBD,Not started,TBD,Law No. (13) of 2016  on Protecting Personal Data Privacy - English (1).pdf,8,law_no._(13)_of_2016__on_protecting_personal_data_privacy_-_english_(1)_controls.json
Data handling and privacy policy,QCB-Personal-Data-Privacy-P8-I7,"The privacy protecting policies developed by the Competent Department, and a decision thereon shall be issued by the Minister.",Define approach and implement control (tech + ops).,TBD,Not started,TBD,Law No. (13) of 2016  on Protecting Personal Data Privacy - English (1).pdf,8,law_no._(13)_of_2016__on_protecting_personal_data_privacy_-_english_(1)_controls.json
Data handling and privacy policy,QCB-Personal-Data-Privacy-P9-I5,"Comprehensive and accurate description of the processing activities and the levels of disclosure of such Personal Data for the Lawful Purposes, and if the Controller fails to do so, the Controller shall provide the Individual with a general description there of.",Define approach and implement control (tech + ops).,TBD,Not started,TBD,Law No. (13) of 2016  on Protecting Personal Data Privacy - English (1).pdf,9,law_no._(13)_of_2016__on_protecting_personal_data_privacy_-_english_(1)_controls.json
Data handling and privacy policy,QCB-Personal-Data-Privacy-P9-I8,"Article (10) The Controller shall verify that Personal Data that he collects, or being collected for the benefit thereof, is relevant to Lawful Purposes and adequate for achieving the same.",Define approach and implement control (tech + ops).,TBD,Not started,TBD,Law No. (13) of 2016  on Protecting Personal Data Privacy - English (1).pdf,9,law_no._(13)_of_2016__on_protecting_personal_data_privacy_-_english_(1)_controls.json
Data handling and privacy policy,QCB-Personal-Data-Privacy-P9-I10,"In addition, the Controller shall not keep any Personal Data for a period of time that exce eds the necessary period for achieving such purposes.",Define approach and implement control (tech + ops).,TBD,Not started,TBD,Law No. (13) of 2016  on Protecting Personal Data Privacy - English (1).pdf,9,law_no._(13)_of_2016__on_protecting_personal_data_privacy_-_english_(1)_controls.json
Data handling and privacy policy,QCB-Personal-Data-Privacy-P10-I0,This document is not official and the official version of the law is the one published in the Official Gazette number 15 of year 2016 that is available on almeezan.qa Article (11) The Controller shall take the following procedures: 1.,Define approach and implement control (tech + ops).,TBD,Not started,TBD,Law No. (13) of 2016  on Protecting Personal Data Privacy - English (1).pdf,10,law_no._(13)_of_2016__on_protecting_personal_data_privacy_-_english_(1)_controls.json
Data handling and privacy policy,QCB-Personal-Data-Privacy-P10-I7,"Developing internal systems to receive and investigate complaints, and data access and omission or correction reque sts; and they shall be made available to individuals.",Define approach and implement control (tech + ops).,TBD,Not started,TBD,Law No. (13) of 2016  on Protecting Personal Data Privacy - English (1).pdf,10,law_no._(13)_of_2016__on_protecting_personal_data_privacy_-_english_(1)_controls.json
Data handling and privacy policy,QCB-Personal-Data-Privacy-P11-I1,"Article (13) Each of the Controller and the Processor shall take the precautions necessary to protect Personal Data against loss, damage, change, disclosure, access thereto, or the inadvertent or illegal use thereof.",Define approach and implement control (tech + ops).,TBD,Not started,TBD,Law No. (13) of 2016  on Protecting Personal Data Privacy - English (1).pdf,11,law_no._(13)_of_2016__on_protecting_personal_data_privacy_-_english_(1)_controls.json
Data handling and privacy policy,QCB-Personal-Data-Privacy-P11-I2,Such precautions shall be commensurate with the nature and the importance of the Personal Data intended to be protected.,Define approach and implement control (tech + ops).,TBD,Not started,TBD,Law No. (13) of 2016  on Protecting Personal Data Privacy - English (1).pdf,11,law_no._(13)_of_2016__on_protecting_personal_data_privacy_-_english_(1)_controls.json
Data handling and privacy policy,QCB-Personal-Data-Privacy-P11-I3,"The Processor shall forthwith notify the Controller of the existence of any breach of the precautions referred to, or where any risk arises threatening Personal Data in any way.",Define approach and implement control (tech + ops).,TBD,Not started,TBD,Law No. (13) of 2016  on Protecting Personal Data Privacy - English (1).pdf,11,law_no._(13)_of_2016__on_protecting_personal_data_privacy_-_english_(1)_controls.json
Data handling and privacy policy,QCB-Personal-Data-Privacy-P11-I4,"Article (14) The Controller shall inform the Individual and Competent Department of the occurrence of any breach of the precautions provided for in the preceding Article, and if such breach may cause serious damage to Personal Data or individual privacy.",Define approach and implement control (tech + ops).,TBD,Not started,TBD,Law No. (13) of 2016  on Protecting Personal Data Privacy - English (1).pdf,11,law_no._(13)_of_2016__on_protecting_personal_data_privacy_-_english_(1)_controls.json
Data handling and privacy policy,QCB-Personal-Data-Privacy-P11-I5,"Article (15) Taking into account the liabilities provided for hereto, the Controller shall be forbidden from taking any decision or measure that may limit the Cross-Border Data Flow, unless the processing of such data",Define approach and implement control (tech + ops).,TBD,Not started,TBD,Law No. (13) of 2016  on Protecting Personal Data Privacy - English (1).pdf,11,law_no._(13)_of_2016__on_protecting_personal_data_privacy_-_english_(1)_controls.json
Data handling and privacy policy,QCB-Personal-Data-Privacy-P12-I0,"This document is not official and the official version of the law is the one published in the Official Gazette number 15 of year 2016 that is available on almeezan.qa is in breach of this Law, or where such processing may cause serious damage to the Personal Data or to the Individual’s privacy.",Define approach and implement control (tech + ops).,TBD,Not started,TBD,Law No. (13) of 2016  on Protecting Personal Data Privacy - English (1).pdf,12,law_no._(13)_of_2016__on_protecting_personal_data_privacy_-_english_(1)_controls.json
Data handling and privacy policy,QCB-Personal-Data-Privacy-P12-I1,"Chapter Four Personal Data with Special Nature Article (16) The Personal data, related to ethnic origin, children, health, physical or psychological condition, religious creeds, marital relations, and criminal offenses, shall be regarded as Personal data with special nature.",Define approach and implement control (tech + ops).,TBD,Not started,TBD,Law No. (13) of 2016  on Protecting Personal Data Privacy - English (1).pdf,12,law_no._(13)_of_2016__on_protecting_personal_data_privacy_-_english_(1)_controls.json
Data handling and privacy policy,QCB-Personal-Data-Privacy-P12-I2,"The Minister may add other types of Personal Data of a special nature, where the misuse or disclosure of the same may cause serious damage to Individual.",Define approach and implement control (tech + ops).,TBD,Not started,TBD,Law No. (13) of 2016  on Protecting Personal Data Privacy - English (1).pdf,12,law_no._(13)_of_2016__on_protecting_personal_data_privacy_-_english_(1)_controls.json
Data handling and privacy policy,QCB-Personal-Data-Privacy-P12-I3,"Personal Data of a special nature may only be processed after obtaining the permission from the Competent Department, as per the measures and controls determined by a decision issued by the Minister.",Define approach and implement control (tech + ops).,TBD,Not started,TBD,Law No. (13) of 2016  on Protecting Personal Data Privacy - English (1).pdf,12,law_no._(13)_of_2016__on_protecting_personal_data_privacy_-_english_(1)_controls.json
Data handling and privacy policy,QCB-Personal-Data-Privacy-P12-I5,"Article (17) Taking into consideration the liabilities provided for hereto, an owner or operator of any website addressing children shall take into account the following:",Define approach and implement control (tech + ops).,TBD,Not started,TBD,Law No. (13) of 2016  on Protecting Personal Data Privacy - English (1).pdf,12,law_no._(13)_of_2016__on_protecting_personal_data_privacy_-_english_(1)_controls.json
Data handling and privacy policy,QCB-Personal-Data-Privacy-P13-I9,"A child’s participation in a game, promotional award or any other activity shall not be conditional on the child’s provision of Personal Data in excess of the necessary for the participation in such activity.",Define approach and implement control (tech + ops).,TBD,Not started,TBD,Law No. (13) of 2016  on Protecting Personal Data Privacy - English (1).pdf,13,law_no._(13)_of_2016__on_protecting_personal_data_privacy_-_english_(1)_controls.json
Data handling and privacy policy,QCB-Personal-Data-Privacy-P13-I10,"Chapter Five Exemptions Article (18) The Competent Authority may decide to process some Personal Data, without abiding by the provisions of Articles (4), (9), (15) and (17) hereof, for achieving any of the following purposes:",Define approach and implement control (tech + ops).,TBD,Not started,TBD,Law No. (13) of 2016  on Protecting Personal Data Privacy - English (1).pdf,13,law_no._(13)_of_2016__on_protecting_personal_data_privacy_-_english_(1)_controls.json
Data handling and privacy policy,QCB-Personal-Data-Privacy-P14-I8,The Competent Authority shall keep a special record where the data achieving the aforementioned purposes shall be entered.,Define approach and implement control (tech + ops).,TBD,Not started,TBD,Law No. (13) of 2016  on Protecting Personal Data Privacy - English (1).pdf,14,law_no._(13)_of_2016__on_protecting_personal_data_privacy_-_english_(1)_controls.json
Data handling and privacy policy,QCB-Personal-Data-Privacy-P14-I9,"Conditions, controls and statuses of entry on such record shall be specified by virtue of a decision issued by the Minister.",Define approach and implement control (tech + ops).,TBD,Not started,TBD,Law No. (13) of 2016  on Protecting Personal Data Privacy - English (1).pdf,14,law_no._(13)_of_2016__on_protecting_personal_data_privacy_-_english_(1)_controls.json
Data handling and privacy policy,QCB-Personal-Data-Privacy-P14-I10,"Article (19) The Controller shall be exempted from the provisions of Articles (4), (5\ Items 1, 2, and 3) and (6) hereof, in any of the following cases: 1.",Define approach and implement control (tech + ops).,TBD,Not started,TBD,Law No. (13) of 2016  on Protecting Personal Data Privacy - English (1).pdf,14,law_no._(13)_of_2016__on_protecting_personal_data_privacy_-_english_(1)_controls.json
Data handling and privacy policy,QCB-Personal-Data-Privacy-P14-I20,"Article (20) The Controller shall be exempted from disclosing the reasons for the refusal thereof of abiding by the rights of the Individual, as provided for in Article (6) hereof, if such disclosure would prevent achieving",Define approach and implement control (tech + ops).,TBD,Not started,TBD,Law No. (13) of 2016  on Protecting Personal Data Privacy - English (1).pdf,14,law_no._(13)_of_2016__on_protecting_personal_data_privacy_-_english_(1)_controls.json
Data handling and privacy policy,QCB-Personal-Data-Privacy-P15-I1,"Article (21) Taking into consideration the provisions of the preceding two Article, the Controller shall be exempted from abiding by provisions of Article (6) hereof, in either of the following two cases: 1.",Define approach and implement control (tech + ops).,TBD,Not started,TBD,Law No. (13) of 2016  on Protecting Personal Data Privacy - English (1).pdf,15,law_no._(13)_of_2016__on_protecting_personal_data_privacy_-_english_(1)_controls.json
Data handling and privacy policy,QCB-Personal-Data-Privacy-P15-I4,"When implementation of such liability would cause disclosing Personal Data related to another Individual who does not consent thereto, and disclosure may lead to physical or moral damage either to this Individual or to any other Individual.",Define approach and implement control (tech + ops).,TBD,Not started,TBD,Law No. (13) of 2016  on Protecting Personal Data Privacy - English (1).pdf,15,law_no._(13)_of_2016__on_protecting_personal_data_privacy_-_english_(1)_controls.json
Data handling and privacy policy,QCB-Personal-Data-Privacy-P15-I5,"Chapter Six Electronic Communication for the Purpose of Direct Marketing Article (22) The transmission of any Electronic Communication to an Individual, for the purpose of Direct Marketing, shall be forbidden, except after obtaining the prior consent thereof.",Define approach and implement control (tech + ops).,TBD,Not started,TBD,Law No. (13) of 2016  on Protecting Personal Data Privacy - English (1).pdf,15,law_no._(13)_of_2016__on_protecting_personal_data_privacy_-_english_(1)_controls.json
Data handling and privacy policy,QCB-Personal-Data-Privacy-P15-I6,"The Electronic Communication shall include the identity of the originator thereof, and highlight that it is sent for the purpose of Direct Marketing.",Define approach and implement control (tech + ops).,TBD,Not started,TBD,Law No. (13) of 2016  on Protecting Personal Data Privacy - English (1).pdf,15,law_no._(13)_of_2016__on_protecting_personal_data_privacy_-_english_(1)_controls.json
Data handling and privacy policy,QCB-Personal-Data-Privacy-P15-I7,"In addition, it shall include a valid address for easy access thereto and through which an Individual can send a request to the originator to stop such communications or revoke the consent on the sending thereof.",Define approach and implement control (tech + ops).,TBD,Not started,TBD,Law No. (13) of 2016  on Protecting Personal Data Privacy - English (1).pdf,15,law_no._(13)_of_2016__on_protecting_personal_data_privacy_-_english_(1)_controls.json
Data handling and privacy policy,QCB-Personal-Data-Privacy-P16-I0,"This document is not official and the official version of the law is the one published in the Official Gazette number 15 of year 2016 that is available on almeezan.qa Chapter Seven Penalties Article (23) Without prejudice to any more severe penalty stipulated in any other law, a penalty that shall not exceed (1, 000,000) one million QR shall be applicable to anyone violating any of the provisions of the Articles (4, 8, 9, 10, 11, 12, 14, 15, and 22) hereof .",Define approach and implement control (tech + ops).,TBD,Not started,TBD,Law No. (13) of 2016  on Protecting Personal Data Privacy - English (1).pdf,16,law_no._(13)_of_2016__on_protecting_personal_data_privacy_-_english_(1)_controls.json
Data handling and privacy policy,QCB-Personal-Data-Privacy-P16-I1,"Article (24) Without prejudice to any more severe penalty stipulated in any other law, a penalty that shall not exceed (5, 000, 000) five million QR shall be applicable to anyone violating any of the provisions of the Articles (13), (16\ paragraph 3), and (17) hereof.",Define approach and implement control (tech + ops).,TBD,Not started,TBD,Law No. (13) of 2016  on Protecting Personal Data Privacy - English (1).pdf,16,law_no._(13)_of_2016__on_protecting_personal_data_privacy_-_english_(1)_controls.json
Data handling and privacy policy,QCB-Personal-Data-Privacy-P16-I2,"Article (25) A penalty that shall not exceed (1,000,000) One million QR shall be applicable to violating legal person, in the event of committing any of those crimes stipulated herein on the name or for the interest thereof, without prej udice to criminal liability taken by affiliated natural person.",Define approach and implement control (tech + ops).,TBD,Not started,TBD,Law No. (13) of 2016  on Protecting Personal Data Privacy - English (1).pdf,16,law_no._(13)_of_2016__on_protecting_personal_data_privacy_-_english_(1)_controls.json
Data handling and privacy policy,QCB-Personal-Data-Privacy-P17-I0,This document is not official and the official version of the law is the one published in the Official Gazette number 15 of year 2016 that is available on almeezan.qa Chapter Eight Final Provisions Article (26) An Individual may file a complaint to the Competent Department in case of violating provisions hereof and the issued decisions in the implementation thereof.,Define approach and implement control (tech + ops).,TBD,Not started,TBD,Law No. (13) of 2016  on Protecting Personal Data Privacy - English (1).pdf,17,law_no._(13)_of_2016__on_protecting_personal_data_privacy_-_english_(1)_controls.json
Data handling and privacy policy,QCB-Personal-Data-Privacy-P17-I1,"The Competent Department may, after investigating received complaints and proving the seriousness thereof, issue a reasoned decision binding the Controller or Processor, as the case may be, to rectify such breach within a period it specifies.",Define approach and implement control (tech + ops).,TBD,Not started,TBD,Law No. (13) of 2016  on Protecting Personal Data Privacy - English (1).pdf,17,law_no._(13)_of_2016__on_protecting_personal_data_privacy_-_english_(1)_controls.json
Data handling and privacy policy,QCB-Personal-Data-Privacy-P17-I2,"The Controller or Processor may raise a grievance against such decision to the Minister, within sixty days from the notification date thereof.",Define approach and implement control (tech + ops).,TBD,Not started,TBD,Law No. (13) of 2016  on Protecting Personal Data Privacy - English (1).pdf,17,law_no._(13)_of_2016__on_protecting_personal_data_privacy_-_english_(1)_controls.json
Data handling and privacy policy,QCB-Personal-Data-Privacy-P17-I3,"The Minister shall decide on the grievance within sixty days from the date of the submission thereof, and the lapse of such period without a response shall be considered as an implicit rejection of the grievance, and the decision of the Minister thereon shall be final.",Define approach and implement control (tech + ops).,TBD,Not started,TBD,Law No. (13) of 2016  on Protecting Personal Data Privacy - English (1).pdf,17,law_no._(13)_of_2016__on_protecting_personal_data_privacy_-_english_(1)_controls.json
Data handling and privacy policy,QCB-Personal-Data-Privacy-P18-I5,Article (28) Any contract or agreement made in violation of the provisions hereof shall be regarded as null and void.,Define approach and implement control (tech + ops).,TBD,Not started,TBD,Law No. (13) of 2016  on Protecting Personal Data Privacy - English (1).pdf,18,law_no._(13)_of_2016__on_protecting_personal_data_privacy_-_english_(1)_controls.json
Data handling and privacy policy,QCB-Personal-Data-Privacy-P18-I6,"Article (29) The Ministry employees, authorized as law enforcement officers as per a decision by the Public Prosecutor, in agreement with the Minister, may detect and prove crimes committed in violation of provisions hereof.",Define approach and implement control (tech + ops).,TBD,Not started,TBD,Law No. (13) of 2016  on Protecting Personal Data Privacy - English (1).pdf,18,law_no._(13)_of_2016__on_protecting_personal_data_privacy_-_english_(1)_controls.json
Data handling and privacy policy,QCB-Personal-Data-Privacy-P18-I8,"Such period may be extended for other similar period or periods by virtue of a decision of the Council of Ministers, upon the proposal of the Minister.",Define approach and implement control (tech + ops).,TBD,Not started,TBD,Law No. (13) of 2016  on Protecting Personal Data Privacy - English (1).pdf,18,law_no._(13)_of_2016__on_protecting_personal_data_privacy_-_english_(1)_controls.json
Data handling and privacy policy,QCB-Personal-Data-Privacy-P19-I0,This document is not official and the official version of the law is the one published in the Official Gazette number 15 of year 2016 that is available on almeezan.qa Article (31) The Minister shall issue the necessary decisions for the implementation of the provisions hereof.,Define approach and implement control (tech + ops).,TBD,Not started,TBD,Law No. (13) of 2016  on Protecting Personal Data Privacy - English (1).pdf,19,law_no._(13)_of_2016__on_protecting_personal_data_privacy_-_english_(1)_controls.json
Data handling and privacy policy,QCB-Personal-Data-Privacy-P19-I1,"Article 32 All the competent authorities, each within the competences thereof, shall implement this Law, and it shall be published in the official gazette.",Define approach and implement control (tech + ops).,TBD,Not started,TBD,Law No. (13) of 2016  on Protecting Personal Data Privacy - English (1).pdf,19,law_no._(13)_of_2016__on_protecting_personal_data_privacy_-_english_(1)_controls.json
